id,bandname,bandlowervalue,riskscore,notes
1,Customer Concentration Band Template Loose 20%_8Risk,0.0,1.0,""
2,Customer Concentration Band Template Loose 20%_8Risk,0.01,1.05,""
3,Customer Concentration Band Template Loose 20%_8Risk,0.025,1.5,""
4,Customer Concentration Band Template Loose 20%_8Risk,0.05,2.25,""
5,Customer Concentration Band Template Loose 20%_8Risk,0.15,6.5,""
6,Customer Concentration Band Template Loose 20%_8Risk,0.2,8.0,""
7,Customer Concentration Band Template Loose 20%_8Risk,0.3,9.5,""
8,Customer Concentration Band Template Loose 20%_8Risk,0.4,9.9,""
9,Customer Concentration Band Template Loose 20%_8Risk,0.7,10.0,""
10,Customer Concentration Band Template Med 10%_8Risk,0.0,1.0,""
11,Customer Concentration Band Template Med 10%_8Risk,0.01,1.25,""
12,Customer Concentration Band Template Med 10%_8Risk,0.025,2.0,""
13,Customer Concentration Band Template Med 10%_8Risk,0.1,8.0,""
14,Customer Concentration Band Template Med 10%_8Risk,0.125,9.0,""
15,Customer Concentration Band Template Med 10%_8Risk,0.175,9.75,""
16,Customer Concentration Band Template Med 10%_8Risk,0.25,9.99,""
17,Customer Concentration Band Template Med 10%_8Risk,0.35,10.0,""
18,Customer Concentration Band Template Tight 5%_8Risk,0.0,1.0,""
19,Customer Concentration Band Template Tight 5%_8Risk,0.01,1.75,""
20,Customer Concentration Band Template Tight 5%_8Risk,0.025,4.0,""
21,Customer Concentration Band Template Tight 5%_8Risk,0.05,8.0,""
22,Customer Concentration Band Template Tight 5%_8Risk,0.075,9.5,""
23,Customer Concentration Band Template Tight 5%_8Risk,0.1,9.9,""
24,Customer Concentration Band Template Tight 5%_8Risk,0.2,10.0,""
25,Facility and Supplier Concentration Band Template,0.0,1.0,""
26,Facility and Supplier Concentration Band Template,0.2,2.0,""
27,Facility and Supplier Concentration Band Template,0.3,3.5,""
28,Facility and Supplier Concentration Band Template,0.55,8.25,""
29,Facility and Supplier Concentration Band Template,0.7,9.5,""
30,Facility and Supplier Concentration Band Template,1.0,10.0,""
31,Source Count Band Template,1.0,10.0,""
32,Source Count Band Template,2.0,6.0,""
33,Source Count Band Template,3.0,4.0,""
34,Source Count Band Template,4.0,2.7,""
35,Source Count Band Template,5.0,1.5,""
36,Source Count Band Template,6.0,1.0,""
37,BioLab and Nuclear Distance Band Template,0.0,10.0,""
38,BioLab and Nuclear Distance Band Template,10.0,10.0,""
39,BioLab and Nuclear Distance Band Template,20.0,7.75,""
40,BioLab and Nuclear Distance Band Template,30.0,6.0,""
41,BioLab and Nuclear Distance Band Template,60.0,3.0,""
42,BioLab and Nuclear Distance Band Template,100.0,1.5,""
43,BioLab and Nuclear Distance Band Template,130.0,1.0,""
44,Epidemic Band Template,0.0,1.0,""
45,Epidemic Band Template,0.8,1.4,""
46,Epidemic Band Template,1.0,2.25,""
47,Epidemic Band Template,1.5,7.0,""
48,Epidemic Band Template,1.75,8.75,""
49,Epidemic Band Template,2.0,9.5,""
50,Epidemic Band Template,2.5,10.0,""
51,Natural Disaster Band Template,0.0,1.0,""
52,Natural Disaster Band Template,7.5,2.0,""
53,Natural Disaster Band Template,12.5,3.5,""
54,Natural Disaster Band Template,20.0,7.0,""
55,Natural Disaster Band Template,25.0,8.8,""
56,Natural Disaster Band Template,30.0,9.5,""
57,Natural Disaster Band Template,60.0,10.0,""
58,Labor Band Template,0.0,1.0,""
59,Labor Band Template,0.2,2.0,""
60,Labor Band Template,0.3,3.0,""
61,Labor Band Template,0.7,8.0,""
62,Labor Band Template,0.8,9.0,""
63,Labor Band Template,1.0,10.0,""
64,Political Band Template,-2.5,10.0,""
65,Political Band Template,-1.0,9.8,""
66,Political Band Template,-0.5,9.0,""
67,Political Band Template,0.0,7.5,""
68,Political Band Template,1.0,2.75,""
69,Political Band Template,1.5,1.5,""
70,Political Band Template,2.4,1.0,""
71,Economic Band Template,0.0,10.0,""
72,Economic Band Template,0.5,9.5,""
73,Economic Band Template,1.0,8.0,""
74,Economic Band Template,1.75,4.0,""
75,Economic Band Template,2.25,2.5,""
76,Economic Band Template,3.0,2.0,""
77,Economic Band Template,12.0,1.0,""
78,Facility Throughput and Storage Utilization Band Template,0.0,1.0,""
79,Facility Throughput and Storage Utilization Band Template,0.5,1.2,""
80,Facility Throughput and Storage Utilization Band Template,0.65,2.0,""
81,Facility Throughput and Storage Utilization Band Template,0.8,8.0,""
82,Facility Throughput and Storage Utilization Band Template,0.9,9.7,""
83,Facility Throughput and Storage Utilization Band Template,1.0,10.0,""
84,Workcenter Utilization Band Template Simulation,0.6,1.0,""
85,Workcenter Utilization Band Template Simulation,0.8,1.5,""
86,Workcenter Utilization Band Template Simulation,0.85,2.0,""
87,Workcenter Utilization Band Template Simulation,0.95,7.0,""
88,Workcenter Utilization Band Template Simulation,0.98,9.0,""
89,Workcenter Utilization Band Template Simulation,1.0,10.0,""
90,Workcenter Utilization Band Template NetOpt,0.5,1.0,""
91,Workcenter Utilization Band Template NetOpt,0.7,1.5,""
92,Workcenter Utilization Band Template NetOpt,0.8,3.0,""
93,Workcenter Utilization Band Template NetOpt,0.9,6.0,""
94,Workcenter Utilization Band Template NetOpt,1.0,10.0,""
95,Product Stocking Point Count Band Template and Make and Supply Count Band Template,1.0,10.0,""
96,Product Stocking Point Count Band Template and Make and Supply Count Band Template,2.0,6.0,""
97,Product Stocking Point Count Band Template and Make and Supply Count Band Template,3.0,3.0,""
98,Product Stocking Point Count Band Template and Make and Supply Count Band Template,4.0,2.0,""
99,Product Stocking Point Count Band Template and Make and Supply Count Band Template,5.0,1.5,""
100,Product Stocking Point Count Band Template and Make and Supply Count Band Template,8.0,1.0,""
101,Transport Time Band Template,0.0,1.0,""
102,Transport Time Band Template,48.0,1.5,""
103,Transport Time Band Template,96.0,2.5,""
104,Transport Time Band Template,240.0,8.5,""
105,Transport Time Band Template,336.0,9.8,""
106,Transport Time Band Template,720.0,10.0,""
107,Time To Import and Export Band Template,0.0,1.0,""
108,Time To Import and Export Band Template,24.0,1.5,""
109,Time To Import and Export Band Template,48.0,3.0,""
110,Time To Import and Export Band Template,96.0,8.0,""
111,Time To Import and Export Band Template,120.0,9.5,""
112,Time To Import and Export Band Template,168.0,10.0,""
